対象者ID,社員番号,氏名,事業所コード,メール,入社年,性別,生年月日,年代,社員区分,役職区分,在籍,匿名希望
R00001,10001,中村 翔,1001,user00001@example.com,2003,男性,1983-02-23,40代,正社員,〇長,1,通常
R00002,10002,中村 結衣,1001,user00002@example.com,2001,男性,2002-01-27,20代,正社員,一般,1,通常
R00003,10003,渡辺 陽菜,1001,user00003@example.com,2016,女性,2003-01-11,20代,正社員,一般,1,通常
R00004,10004,高橋 大輔,1001,user00004@example.com,2019,女性,2003-02-07,20代,正社員,一般,1,通常
R00005,10005,伊藤 陽菜,1001,user00005@example.com,2006,男性,1970-02-21,50代,正社員,一般,1,通常
R00006,10006,加藤 陽菜,1001,user00006@example.com,2025,男性,1988-01-21,30代,正社員,一般,1,通常
R00007,10007,山本 美咲,1001,user00007@example.com,2014,男性,1997-01-12,20代,正社員,一般,1,通常
R00008,10008,鈴木 結衣,1001,user00008@example.com,2014,女性,2016-01-20,10代,パート・アルバイト,パート・アルバイト,0,通常
R00009,10009,鈴木 直樹,1001,user00009@example.com,2008,女性,1979-02-23,40代,パート・アルバイト,パート・アルバイト,0,通常
R00010,10010,小林 美咲,1001,user00010@example.com,2025,男性,2001-01-02,20代,パート・アルバイト,パート・アルバイト,1,通常
R00011,10011,小林 陽菜,1001,user00011@example.com,2019,男性,2015-01-15,10代,パート・アルバイト,パート・アルバイト,1,通常
R00012,10012,中村 美咲,1001,user00012@example.com,2015,男性,1993-01-18,30代,パート・アルバイト,パート・アルバイト,1,通常
R00013,10013,伊藤 直樹,1001,user00013@example.com,2011,女性,1983-02-09,40代,パート・アルバイト,パート・アルバイト,1,通常
R00014,10014,鈴木 太郎,1001,user00014@example.com,2020,男性,1992-02-24,30代,パート・アルバイト,パート・アルバイト,0,通常
R00015,10015,中村 結衣,1001,user00015@example.com,2007,女性,2006-02-16,20代,パート・アルバイト,パート・アルバイト,0,通常
R00016,10016,伊藤 直樹,1001,user00016@example.com,2018,女性,1999-02-08,20代,パート・アルバイト,パート・アルバイト,1,通常
R00017,10017,高橋 大輔,1001,user00017@example.com,2021,男性,2006-01-15,20代,パート・アルバイト,パート・アルバイト,1,匿名希望（出力のみ匿名化）
R00018,10018,山本 大輔,1002,user00018@example.com,2012,女性,2002-02-04,20代,正社員,〇長,1,匿名希望（出力のみ匿名化）
R00019,10019,山本 健,1002,user00019@example.com,2021,女性,1991-02-09,30代,契約社員,一般,1,通常
R00020,10020,伊藤 結衣,1002,user00020@example.com,2011,男性,1983-01-16,40代,正社員,一般,1,通常
R00021,10021,加藤 大輔,1002,user00021@example.com,2024,男性,1997-01-20,20代,正社員,一般,1,通常
R00022,10022,小林 優,1002,user00022@example.com,2012,女性,2013-01-27,10代,正社員,一般,1,通常
R00023,10023,小林 翔,1002,user00023@example.com,2000,男性,2004-01-24,20代,正社員,一般,1,匿名希望（出力のみ匿名化）
R00024,10024,渡辺 美咲,1002,user00024@example.com,2008,男性,1999-01-24,20代,嘱託社員,一般,1,通常
R00025,10025,山本 花子,1002,user00025@example.com,2007,男性,2001-02-25,20代,パート・アルバイト,パート・アルバイト,0,通常
R00026,10026,鈴木 花子,1002,user00026@example.com,2009,男性,1997-02-27,20代,パート・アルバイト,パート・アルバイト,1,通常
R00027,10027,加藤 結衣,1002,user00027@example.com,2008,男性,2001-01-07,20代,パート・アルバイト,パート・アルバイト,1,通常
R00028,10028,中村 翔,1002,user00028@example.com,2024,その他/未回答,2005-01-20,20代,パート・アルバイト,パート・アルバイト,1,通常
R00029,10029,佐藤 陽菜,1002,user00029@example.com,2010,女性,1984-02-23,40代,パート・アルバイト,パート・アルバイト,0,通常
R00030,10030,高橋 直樹,1002,user00030@example.com,2007,女性,2003-01-03,20代,パート・アルバイト,パート・アルバイト,0,通常
R00031,10031,佐藤 美咲,1002,user00031@example.com,2011,女性,2004-01-16,20代,パート・アルバイト,パート・アルバイト,1,通常
R00032,10032,鈴木 大輔,1002,user00032@example.com,2014,男性,1993-01-10,30代,パート・アルバイト,パート・アルバイト,1,通常
R00033,10033,田中 太郎,1002,user00033@example.com,2006,その他/未回答,1969-02-04,50代,パート・アルバイト,パート・アルバイト,1,通常
R00034,10034,山本 陽菜,1002,user00034@example.com,2013,男性,1992-01-26,30代,パート・アルバイト,パート・アルバイト,0,通常
R00035,10035,中村 結衣,1003,user00035@example.com,2023,女性,1969-02-05,50代,正社員,〇長,1,匿名希望（出力のみ匿名化）
R00036,10036,田中 結衣,1003,user00036@example.com,2007,女性,2013-02-20,10代,正社員,一般,1,通常
R00037,10037,高橋 陽菜,1003,user00037@example.com,2017,男性,1994-01-21,30代,正社員,一般,1,通常
R00038,10038,小林 優,1003,user00038@example.com,2000,男性,1990-01-11,30代,正社員,一般,1,通常
R00039,10039,中村 美咲,1003,user00039@example.com,2006,女性,2003-02-10,20代,正社員,一般,1,通常
R00040,10040,高橋 結衣,1003,user00040@example.com,2022,男性,1988-01-02,30代,出向,一般,1,匿名希望（出力のみ匿名化）
R00041,10041,高橋 結衣,1003,user00041@example.com,2007,女性,1986-02-01,40代,正社員,一般,1,通常
R00042,10042,佐藤 翔,1003,user00042@example.com,2020,男性,2007-02-02,10代,パート・アルバイト,パート・アルバイト,0,通常
R00043,10043,伊藤 結衣,1003,user00043@example.com,2007,女性,1973-01-20,50代,パート・アルバイト,パート・アルバイト,1,通常
R00044,10044,伊藤 健,1003,user00044@example.com,2005,男性,2004-02-06,20代,パート・アルバイト,パート・アルバイト,1,通常
R00045,10045,高橋 花子,1003,user00045@example.com,2014,女性,1990-02-19,30代,パート・アルバイト,パート・アルバイト,1,通常
R00046,10046,鈴木 結衣,1003,user00046@example.com,2006,男性,1997-02-01,20代,パート・アルバイト,パート・アルバイト,0,通常
R00047,10047,佐藤 陽菜,1003,user00047@example.com,2015,女性,2002-02-26,20代,パート・アルバイト,パート・アルバイト,0,通常
R00048,10048,高橋 花子,1003,user00048@example.com,2017,男性,2016-02-16,10代,パート・アルバイト,パート・アルバイト,1,通常
R00049,10049,佐藤 美咲,1003,user00049@example.com,2018,女性,1980-02-10,40代,パート・アルバイト,パート・アルバイト,0,通常
R00050,10050,鈴木 花子,1003,user00050@example.com,2023,女性,2002-02-08,20代,パート・アルバイト,パート・アルバイト,0,通常
R00051,10051,加藤 結衣,1003,user00051@example.com,2021,男性,1992-02-20,30代,パート・アルバイト,パート・アルバイト,1,通常
R00052,10052,伊藤 太郎,1004,user00052@example.com,2007,女性,1999-01-09,20代,正社員,〇長,1,通常
R00053,10053,田中 結衣,1004,user00053@example.com,2012,男性,2004-01-23,20代,正社員,一般,1,通常
R00054,10054,中村 優,1004,user00054@example.com,2015,その他/未回答,1990-01-12,30代,正社員,一般,1,通常
R00055,10055,佐藤 美咲,1004,user00055@example.com,2018,男性,2001-02-16,20代,正社員,一般,1,通常
R00056,10056,伊藤 大輔,1004,user00056@example.com,2008,女性,2001-01-11,20代,正社員,一般,1,匿名希望（出力のみ匿名化）
R00057,10057,鈴木 結衣,1004,user00057@example.com,2015,男性,1972-01-05,50代,契約社員,一般,1,通常
R00058,10058,山本 翔,1004,user00058@example.com,2021,女性,2003-02-15,20代,正社員,一般,1,通常
R00059,10059,伊藤 結衣,1004,user00059@example.com,2018,男性,2016-01-18,10代,パート・アルバイト,パート・アルバイト,1,通常
R00060,10060,田中 翔,1004,user00060@example.com,2016,男性,1996-01-12,30代,パート・アルバイト,パート・アルバイト,1,通常
R00061,10061,佐藤 翔,1004,user00061@example.com,2014,女性,1979-01-06,40代,パート・アルバイト,パート・アルバイト,0,通常
R00062,10062,加藤 健,1004,user00062@example.com,2005,女性,1996-01-18,30代,パート・アルバイト,パート・アルバイト,1,通常
R00063,10063,山本 花子,1004,user00063@example.com,2021,女性,1997-01-01,20代,パート・アルバイト,パート・アルバイト,0,通常
R00064,10064,鈴木 健,1004,user00064@example.com,2005,女性,2004-01-26,20代,パート・アルバイト,パート・アルバイト,0,匿名希望（出力のみ匿名化）
R00065,10065,佐藤 太郎,1004,user00065@example.com,2012,女性,2002-01-08,20代,パート・アルバイト,パート・アルバイト,1,通常
R00066,10066,鈴木 健,1004,user00066@example.com,2022,女性,2011-02-20,10代,パート・アルバイト,パート・アルバイト,1,通常
R00067,10067,加藤 直樹,1004,user00067@example.com,2006,男性,1997-01-25,20代,パート・アルバイト,パート・アルバイト,1,通常
R00068,10068,中村 優,1004,user00068@example.com,2025,女性,1997-01-18,20代,パート・アルバイト,パート・アルバイト,1,通常
R00069,10069,中村 健,2001,user00069@example.com,2016,女性,2006-02-23,20代,正社員,〇長,1,通常
R00070,10070,中村 大輔,2001,user00070@example.com,2004,男性,1995-02-06,30代,嘱託社員,一般,1,通常
R00071,10071,高橋 陽菜,2001,user00071@example.com,2016,女性,1988-01-03,30代,契約社員,一般,1,通常
R00072,10072,高橋 太郎,2001,user00072@example.com,2003,男性,1973-02-23,50代,契約社員,一般,1,通常
R00073,10073,山本 優,2001,user00073@example.com,2018,女性,1999-01-02,20代,出向,一般,1,通常
R00074,10074,小林 優,2001,user00074@example.com,2020,女性,1979-02-16,40代,契約社員,一般,1,通常
R00075,10075,伊藤 直樹,2001,user00075@example.com,2025,男性,1987-02-02,30代,正社員,一般,1,通常
R00076,10076,鈴木 陽菜,2001,user00076@example.com,2014,女性,1979-02-23,40代,パート・アルバイト,パート・アルバイト,1,通常
R00077,10077,中村 直樹,2001,user00077@example.com,2013,女性,1988-01-17,30代,パート・アルバイト,パート・アルバイト,1,通常
R00078,10078,渡辺 健,2001,user00078@example.com,2012,男性,1999-01-13,20代,パート・アルバイト,パート・アルバイト,1,通常
R00079,10079,山本 陽菜,2001,user00079@example.com,2017,女性,2006-02-15,20代,パート・アルバイト,パート・アルバイト,1,通常
R00080,10080,渡辺 大輔,2001,user00080@example.com,2014,女性,2003-02-03,20代,パート・アルバイト,パート・アルバイト,1,通常
R00081,10081,鈴木 直樹,2001,user00081@example.com,2024,男性,1997-01-14,20代,パート・アルバイト,パート・アルバイト,1,通常
R00082,10082,高橋 陽菜,2001,user00082@example.com,2021,男性,2005-01-09,20代,パート・アルバイト,パート・アルバイト,1,通常
R00083,10083,伊藤 結衣,2001,user00083@example.com,2025,その他/未回答,2012-02-19,10代,パート・アルバイト,パート・アルバイト,1,通常
R00084,10084,小林 花子,2001,user00084@example.com,2019,女性,1991-01-12,30代,パート・アルバイト,パート・アルバイト,0,通常
R00085,10085,渡辺 結衣,2001,user00085@example.com,2007,女性,2014-02-15,10代,パート・アルバイト,パート・アルバイト,1,通常
R00086,10086,中村 結衣,2002,user00086@example.com,2011,男性,2002-01-01,20代,正社員,〇長,1,通常
R00087,10087,田中 直樹,2002,user00087@example.com,2007,男性,1988-02-16,30代,正社員,一般,1,通常
R00088,10088,小林 優,2002,user00088@example.com,2021,男性,2006-01-10,20代,正社員,一般,1,通常
R00089,10089,高橋 結衣,2002,user00089@example.com,2017,男性,1987-02-13,30代,正社員,一般,1,匿名希望（出力のみ匿名化）
R00090,10090,加藤 美咲,2002,user00090@example.com,2017,女性,2006-02-18,20代,嘱託社員,一般,1,通常
R00091,10091,渡辺 太郎,2002,user00091@example.com,2017,その他/未回答,2006-01-06,20代,契約社員,一般,1,通常
R00092,10092,小林 結衣,2002,user00092@example.com,2016,女性,1999-01-04,20代,契約社員,一般,1,通常
R00093,10093,伊藤 大輔,2002,user00093@example.com,2010,女性,2000-01-01,20代,パート・アルバイト,パート・アルバイト,1,通常
R00094,10094,伊藤 大輔,2002,user00094@example.com,2009,女性,1995-01-08,30代,パート・アルバイト,パート・アルバイト,1,通常
R00095,10095,小林 太郎,2002,user00095@example.com,2023,男性,1999-02-03,20代,パート・アルバイト,パート・アルバイト,1,通常
R00096,10096,鈴木 美咲,2002,user00096@example.com,2011,女性,1999-01-25,20代,パート・アルバイト,パート・アルバイト,0,通常
R00097,10097,鈴木 太郎,2002,user00097@example.com,2016,女性,1985-01-13,40代,パート・アルバイト,パート・アルバイト,1,通常
R00098,10098,山本 翔,2002,user00098@example.com,2025,女性,1991-01-22,30代,パート・アルバイト,パート・アルバイト,0,匿名希望（出力のみ匿名化）
R00099,10099,鈴木 結衣,2002,user00099@example.com,2022,女性,2001-02-04,20代,パート・アルバイト,パート・アルバイト,0,通常
R00100,10100,鈴木 優,2002,user00100@example.com,2010,女性,1980-01-22,40代,パート・アルバイト,パート・アルバイト,1,通常
R00101,10101,高橋 太郎,2002,user00101@example.com,2009,女性,2006-01-17,20代,パート・アルバイト,パート・アルバイト,1,通常
R00102,10102,田中 美咲,2002,user00102@example.com,2009,その他/未回答,1997-01-05,20代,パート・アルバイト,パート・アルバイト,1,通常
R00103,10103,高橋 陽菜,2003,user00103@example.com,2022,男性,2006-01-07,20代,正社員,〇長,1,通常
R00104,10104,中村 優,2003,user00104@example.com,2007,女性,2002-02-25,20代,正社員,一般,1,匿名希望（出力のみ匿名化）
R00105,10105,鈴木 直樹,2003,user00105@example.com,2018,男性,2005-02-08,20代,正社員,一般,1,通常
R00106,10106,渡辺 翔,2003,user00106@example.com,2005,男性,2006-02-03,20代,正社員,一般,1,通常
R00107,10107,鈴木 太郎,2003,user00107@example.com,2013,男性,2002-01-20,20代,正社員,一般,1,通常
R00108,10108,小林 結衣,2003,user00108@example.com,2014,女性,1999-01-26,20代,正社員,一般,1,通常
R00109,10109,佐藤 直樹,2003,user00109@example.com,2003,女性,1981-02-03,40代,嘱託社員,一般,1,通常
R00110,10110,中村 結衣,2003,user00110@example.com,2018,女性,2005-02-03,20代,パート・アルバイト,パート・アルバイト,1,通常
R00111,10111,加藤 美咲,2003,user00111@example.com,2023,女性,1981-01-13,40代,パート・アルバイト,パート・アルバイト,1,通常
R00112,10112,鈴木 直樹,2003,user00112@example.com,2010,女性,2002-01-25,20代,パート・アルバイト,パート・アルバイト,1,通常
R00113,10113,加藤 大輔,2003,user00113@example.com,2021,男性,2003-01-25,20代,パート・アルバイト,パート・アルバイト,1,通常
R00114,10114,田中 陽菜,2003,user00114@example.com,2008,男性,2005-01-14,20代,パート・アルバイト,パート・アルバイト,1,通常
R00115,10115,渡辺 花子,2003,user00115@example.com,2019,女性,2005-02-17,20代,パート・アルバイト,パート・アルバイト,0,通常
R00116,10116,伊藤 結衣,2003,user00116@example.com,2024,女性,2001-01-18,20代,パート・アルバイト,パート・アルバイト,1,通常
R00117,10117,渡辺 翔,2003,user00117@example.com,2005,男性,2003-02-07,20代,パート・アルバイト,パート・アルバイト,1,通常
R00118,10118,田中 美咲,2003,user00118@example.com,2013,男性,2003-01-22,20代,パート・アルバイト,パート・アルバイト,0,通常
R00119,10119,中村 結衣,2003,user00119@example.com,2006,女性,1983-02-12,40代,パート・アルバイト,パート・アルバイト,0,通常
R00120,10120,渡辺 太郎,2004,user00120@example.com,2023,女性,1982-01-24,40代,正社員,〇長,1,通常
R00121,10121,中村 直樹,2004,user00121@example.com,2018,女性,2005-02-28,20代,正社員,一般,1,匿名希望（出力のみ匿名化）
R00122,10122,田中 健,2004,user00122@example.com,2019,女性,1998-02-02,20代,正社員,一般,1,通常
R00123,10123,加藤 結衣,2004,user00123@example.com,2004,女性,1971-02-19,50代,契約社員,一般,1,通常
R00124,10124,高橋 太郎,2004,user00124@example.com,2005,男性,1999-01-03,20代,正社員,一般,1,通常
R00125,10125,鈴木 美咲,2004,user00125@example.com,2001,男性,2004-01-11,20代,正社員,一般,1,通常
R00126,10126,小林 美咲,2004,user00126@example.com,2005,男性,2005-01-03,20代,正社員,一般,1,匿名希望（出力のみ匿名化）
R00127,10127,鈴木 翔,2004,user00127@example.com,2015,女性,1999-02-19,20代,パート・アルバイト,パート・アルバイト,1,通常
R00128,10128,渡辺 美咲,2004,user00128@example.com,2015,女性,2002-02-23,20代,パート・アルバイト,パート・アルバイト,0,通常
R00129,10129,伊藤 翔,2004,user00129@example.com,2023,女性,1999-02-11,20代,パート・アルバイト,パート・アルバイト,1,通常
R00130,10130,加藤 陽菜,2004,user00130@example.com,2022,女性,1997-02-08,20代,パート・アルバイト,パート・アルバイト,1,通常
R00131,10131,渡辺 太郎,2004,user00131@example.com,2019,女性,1998-01-06,20代,パート・アルバイト,パート・アルバイト,1,通常
R00132,10132,伊藤 美咲,2004,user00132@example.com,2012,女性,2002-01-16,20代,パート・アルバイト,パート・アルバイト,1,匿名希望（出力のみ匿名化）
R00133,10133,高橋 美咲,2004,user00133@example.com,2014,男性,1992-01-24,30代,パート・アルバイト,パート・アルバイト,1,通常
R00134,10134,山本 優,2004,user00134@example.com,2010,女性,1989-01-19,30代,パート・アルバイト,パート・アルバイト,0,通常
R00135,10135,田中 結衣,2004,user00135@example.com,2006,女性,1982-01-14,40代,パート・アルバイト,パート・アルバイト,1,通常
R00136,10136,田中 美咲,2004,user00136@example.com,2024,男性,1987-02-09,30代,パート・アルバイト,パート・アルバイト,1,通常
R00137,10137,田中 花子,3001,user00137@example.com,2018,女性,1991-01-02,30代,出向,〇長,1,通常
R00138,10138,伊藤 優,3001,user00138@example.com,2010,女性,1998-02-16,20代,出向,一般,1,通常
R00139,10139,山本 直樹,3001,user00139@example.com,2013,女性,1969-01-10,50代,嘱託社員,一般,1,通常
R00140,10140,鈴木 陽菜,3001,user00140@example.com,2000,男性,1978-01-10,40代,嘱託社員,一般,1,匿名希望（出力のみ匿名化）
R00141,10141,田中 優,3001,user00141@example.com,2004,女性,1996-02-19,30代,出向,一般,1,通常
R00142,10142,加藤 陽菜,3001,user00142@example.com,2021,男性,2003-02-01,20代,正社員,一般,1,通常
R00143,10143,山本 太郎,3001,user00143@example.com,2013,男性,2005-02-24,20代,正社員,一般,1,通常
R00144,10144,小林 太郎,3001,user00144@example.com,2023,女性,1999-01-23,20代,パート・アルバイト,パート・アルバイト,1,通常
R00145,10145,加藤 優,3001,user00145@example.com,2025,女性,2006-01-18,20代,パート・アルバイト,パート・アルバイト,1,通常
R00146,10146,渡辺 花子,3001,user00146@example.com,2011,男性,1992-02-06,30代,パート・アルバイト,パート・アルバイト,1,通常
R00147,10147,高橋 結衣,3001,user00147@example.com,2011,男性,2013-02-11,10代,パート・アルバイト,パート・アルバイト,1,通常
R00148,10148,渡辺 直樹,3001,user00148@example.com,2022,女性,2002-01-28,20代,パート・アルバイト,パート・アルバイト,1,匿名希望（出力のみ匿名化）
R00149,10149,田中 結衣,3001,user00149@example.com,2012,女性,2001-02-24,20代,パート・アルバイト,パート・アルバイト,1,通常
R00150,10150,高橋 美咲,3001,user00150@example.com,2023,男性,2001-02-19,20代,パート・アルバイト,パート・アルバイト,1,通常
R00151,10151,中村 健,3001,user00151@example.com,2022,男性,1995-01-19,30代,パート・アルバイト,パート・アルバイト,1,通常
R00152,10152,佐藤 花子,3001,user00152@example.com,2010,女性,1998-02-02,20代,パート・アルバイト,パート・アルバイト,1,通常
R00153,10153,山本 健,3001,user00153@example.com,2014,男性,2003-01-08,20代,パート・アルバイト,パート・アルバイト,1,通常
R00154,10154,山本 大輔,3002,user00154@example.com,2017,女性,1988-02-13,30代,正社員,〇長,1,通常
R00155,10155,高橋 美咲,3002,user00155@example.com,2022,女性,2013-01-27,10代,契約社員,一般,1,通常
R00156,10156,伊藤 健,3002,user00156@example.com,2018,女性,2002-02-02,20代,正社員,一般,1,通常
R00157,10157,中村 美咲,3002,user00157@example.com,2013,女性,1998-01-12,20代,契約社員,一般,1,通常
R00158,10158,伊藤 大輔,3002,user00158@example.com,2015,男性,1987-01-19,30代,正社員,一般,1,通常
R00159,10159,伊藤 健,3002,user00159@example.com,2015,男性,1990-01-10,30代,契約社員,一般,1,通常
R00160,10160,鈴木 太郎,3002,user00160@example.com,2014,女性,2000-02-16,20代,正社員,一般,1,通常
R00161,10161,山本 大輔,3002,user00161@example.com,2016,女性,1998-02-19,20代,パート・アルバイト,パート・アルバイト,1,通常
R00162,10162,鈴木 翔,3002,user00162@example.com,2016,男性,1971-02-25,50代,パート・アルバイト,パート・アルバイト,1,通常
R00163,10163,加藤 美咲,3002,user00163@example.com,2018,女性,2004-02-14,20代,パート・アルバイト,パート・アルバイト,1,通常
R00164,10164,小林 美咲,3002,user00164@example.com,2006,女性,1999-01-26,20代,パート・アルバイト,パート・アルバイト,1,通常
R00165,10165,田中 直樹,3002,user00165@example.com,2017,女性,1994-02-08,30代,パート・アルバイト,パート・アルバイト,1,通常
R00166,10166,伊藤 直樹,3002,user00166@example.com,2008,女性,2015-02-23,10代,パート・アルバイト,パート・アルバイト,0,通常
R00167,10167,加藤 大輔,3002,user00167@example.com,2025,男性,2002-01-12,20代,パート・アルバイト,パート・アルバイト,1,匿名希望（出力のみ匿名化）
R00168,10168,中村 花子,3002,user00168@example.com,2016,女性,2006-02-19,20代,パート・アルバイト,パート・アルバイト,1,通常
R00169,10169,加藤 翔,3002,user00169@example.com,2018,男性,2002-01-17,20代,パート・アルバイト,パート・アルバイト,1,通常
R00170,10170,伊藤 優,3002,user00170@example.com,2023,男性,2002-01-10,20代,パート・アルバイト,パート・アルバイト,1,通常
R00171,10171,田中 太郎,4001,user00171@example.com,2006,女性,1970-02-05,50代,正社員,〇長,1,通常
R00172,10172,中村 結衣,4001,user00172@example.com,2021,女性,1999-01-06,20代,嘱託社員,一般,1,通常
R00173,10173,田中 健,4001,user00173@example.com,2002,女性,1985-01-28,40代,正社員,一般,1,匿名希望（出力のみ匿名化）
R00174,10174,鈴木 陽菜,4001,user00174@example.com,2025,男性,2004-01-15,20代,正社員,一般,1,通常
R00175,10175,佐藤 陽菜,4001,user00175@example.com,2010,女性,1997-02-27,20代,契約社員,一般,1,通常
R00176,10176,鈴木 翔,4001,user00176@example.com,2011,女性,1998-02-26,20代,正社員,一般,1,通常
R00177,10177,高橋 翔,4001,user00177@example.com,2011,女性,1970-01-07,50代,正社員,一般,1,通常
R00178,10178,山本 太郎,4001,user00178@example.com,2019,男性,1972-02-24,50代,パート・アルバイト,パート・アルバイト,1,通常
R00179,10179,伊藤 太郎,4001,user00179@example.com,2009,女性,1991-02-18,30代,パート・アルバイト,パート・アルバイト,1,通常
R00180,10180,加藤 陽菜,4001,user00180@example.com,2017,女性,2011-01-12,10代,パート・アルバイト,パート・アルバイト,1,通常
R00181,10181,山本 直樹,4001,user00181@example.com,2025,女性,2001-02-18,20代,パート・アルバイト,パート・アルバイト,1,通常
R00182,10182,小林 健,4001,user00182@example.com,2020,男性,1997-01-01,20代,パート・アルバイト,パート・アルバイト,1,通常
R00183,10183,田中 大輔,4001,user00183@example.com,2007,男性,1991-01-07,30代,パート・アルバイト,パート・アルバイト,1,通常
R00184,10184,中村 健,4001,user00184@example.com,2016,男性,2012-02-28,10代,パート・アルバイト,パート・アルバイト,1,通常
R00185,10185,加藤 大輔,4001,user00185@example.com,2016,女性,1992-01-27,30代,パート・アルバイト,パート・アルバイト,0,通常
R00186,10186,小林 花子,4001,user00186@example.com,2005,女性,1997-02-07,20代,パート・アルバイト,パート・アルバイト,1,通常
R00187,10187,高橋 直樹,4001,user00187@example.com,2006,男性,1984-01-13,40代,パート・アルバイト,パート・アルバイト,1,通常
R00188,10188,高橋 大輔,4002,user00188@example.com,2013,男性,1979-02-26,40代,正社員,〇長,1,通常
R00189,10189,伊藤 陽菜,4002,user00189@example.com,2015,女性,1994-01-11,30代,契約社員,一般,1,通常
R00190,10190,小林 大輔,4002,user00190@example.com,2019,女性,2004-01-07,20代,正社員,一般,1,通常
R00191,10191,中村 花子,4002,user00191@example.com,2003,女性,1996-02-27,30代,正社員,一般,1,通常
R00192,10192,伊藤 陽菜,4002,user00192@example.com,2014,男性,1992-02-23,30代,正社員,一般,1,通常
R00193,10193,加藤 翔,4002,user00193@example.com,2004,男性,1999-01-23,20代,嘱託社員,一般,1,匿名希望（出力のみ匿名化）
R00194,10194,中村 花子,4002,user00194@example.com,2024,女性,2005-02-15,20代,正社員,一般,1,通常
R00195,10195,渡辺 翔,4002,user00195@example.com,2023,女性,2001-01-10,20代,パート・アルバイト,パート・アルバイト,1,通常
R00196,10196,小林 太郎,4002,user00196@example.com,2007,女性,1991-01-02,30代,パート・アルバイト,パート・アルバイト,1,通常
R00197,10197,佐藤 陽菜,4002,user00197@example.com,2007,女性,1999-02-21,20代,パート・アルバイト,パート・アルバイト,1,通常
R00198,10198,鈴木 花子,4002,user00198@example.com,2021,男性,1988-01-08,30代,パート・アルバイト,パート・アルバイト,1,通常
R00199,10199,小林 陽菜,4002,user00199@example.com,2008,女性,2013-02-24,10代,パート・アルバイト,パート・アルバイト,0,通常
R00200,10200,小林 健,4002,user00200@example.com,2006,女性,1990-01-28,30代,パート・アルバイト,パート・アルバイト,1,通常
R00201,10201,鈴木 美咲,4002,user00201@example.com,2019,男性,1991-02-12,30代,パート・アルバイト,パート・アルバイト,1,通常
R00202,10202,渡辺 翔,4002,user00202@example.com,2020,女性,2010-02-08,10代,パート・アルバイト,パート・アルバイト,1,通常
R00203,10203,高橋 直樹,4002,user00203@example.com,2007,男性,1990-02-25,30代,パート・アルバイト,パート・アルバイト,0,通常
R00204,10204,佐藤 結衣,4002,user00204@example.com,2023,女性,2006-02-09,20代,パート・アルバイト,パート・アルバイト,1,通常
R00205,10205,小林 陽菜,5001,user00205@example.com,2020,女性,1992-01-20,30代,正社員,〇長,1,通常
R00206,10206,山本 翔,5001,user00206@example.com,2010,その他/未回答,1997-01-26,20代,契約社員,一般,1,匿名希望（出力のみ匿名化）
R00207,10207,加藤 直樹,5001,user00207@example.com,2010,男性,1967-02-20,50代,嘱託社員,一般,1,通常
R00208,10208,鈴木 大輔,5001,user00208@example.com,2001,男性,1992-02-02,30代,正社員,一般,1,匿名希望（出力のみ匿名化）
R00209,10209,佐藤 美咲,5001,user00209@example.com,2001,女性,1996-01-08,30代,正社員,一般,1,通常
R00210,10210,渡辺 健,5001,user00210@example.com,2006,女性,1971-01-19,50代,正社員,一般,1,通常
R00211,10211,伊藤 結衣,5001,user00211@example.com,2003,男性,1981-01-12,40代,契約社員,一般,1,匿名希望（出力のみ匿名化）
R00212,10212,佐藤 結衣,5001,user00212@example.com,2021,女性,2006-02-18,20代,パート・アルバイト,パート・アルバイト,0,通常
R00213,10213,鈴木 花子,5001,user00213@example.com,2018,女性,1967-02-04,50代,パート・アルバイト,パート・アルバイト,1,通常
R00214,10214,田中 大輔,5001,user00214@example.com,2015,女性,2002-01-05,20代,パート・アルバイト,パート・アルバイト,1,通常
R00215,10215,加藤 大輔,5001,user00215@example.com,2006,男性,1989-02-09,30代,パート・アルバイト,パート・アルバイト,1,通常
R00216,10216,小林 大輔,5001,user00216@example.com,2019,女性,1990-02-24,30代,パート・アルバイト,パート・アルバイト,1,通常
R00217,10217,田中 結衣,5001,user00217@example.com,2015,男性,1967-01-11,50代,パート・アルバイト,パート・アルバイト,1,通常
R00218,10218,伊藤 翔,5001,user00218@example.com,2024,男性,2003-02-21,20代,パート・アルバイト,パート・アルバイト,0,匿名希望（出力のみ匿名化）
R00219,10219,加藤 結衣,5001,user00219@example.com,2019,女性,2001-02-08,20代,パート・アルバイト,パート・アルバイト,1,通常
R00220,10220,鈴木 美咲,5001,user00220@example.com,2018,男性,2011-01-03,10代,パート・アルバイト,パート・アルバイト,0,通常
R00221,10221,鈴木 優,5001,user00221@example.com,2011,女性,1999-01-24,20代,パート・アルバイト,パート・アルバイト,1,通常
R00222,10222,加藤 健,6001,user00222@example.com,2019,女性,1988-02-09,30代,正社員,〇長,1,通常
R00223,10223,佐藤 優,6001,user00223@example.com,2003,女性,2000-02-09,20代,契約社員,一般,1,通常
R00224,10224,渡辺 結衣,6001,user00224@example.com,2020,男性,1979-02-22,40代,正社員,一般,1,通常
R00225,10225,佐藤 美咲,6001,user00225@example.com,2020,男性,2006-01-25,20代,正社員,一般,1,通常
R00226,10226,渡辺 陽菜,6001,user00226@example.com,2000,女性,1971-02-03,50代,正社員,一般,1,通常
R00227,10227,高橋 美咲,6001,user00227@example.com,2008,男性,1994-01-21,30代,正社員,一般,1,通常
R00228,10228,渡辺 結衣,6001,user00228@example.com,2019,男性,1985-01-09,40代,正社員,一般,1,匿名希望（出力のみ匿名化）
R00229,10229,鈴木 太郎,6001,user00229@example.com,2005,女性,2011-01-12,10代,パート・アルバイト,パート・アルバイト,1,通常
R00230,10230,渡辺 大輔,6001,user00230@example.com,2006,女性,2001-01-02,20代,パート・アルバイト,パート・アルバイト,1,通常
R00231,10231,鈴木 直樹,6001,user00231@example.com,2016,男性,2000-01-08,20代,パート・アルバイト,パート・アルバイト,1,通常
R00232,10232,小林 結衣,6001,user00232@example.com,2013,男性,2004-01-27,20代,パート・アルバイト,パート・アルバイト,1,通常
R00233,10233,中村 花子,6001,user00233@example.com,2024,男性,1995-01-20,30代,パート・アルバイト,パート・アルバイト,0,通常
R00234,10234,田中 結衣,6001,user00234@example.com,2007,男性,2002-01-22,20代,パート・アルバイト,パート・アルバイト,0,通常
R00235,10235,渡辺 大輔,6001,user00235@example.com,2016,男性,1978-01-16,40代,パート・アルバイト,パート・アルバイト,1,通常
R00236,10236,田中 美咲,6001,user00236@example.com,2025,女性,2000-01-12,20代,パート・アルバイト,パート・アルバイト,1,通常
R00237,10237,高橋 結衣,6001,user00237@example.com,2009,その他/未回答,1971-01-15,50代,パート・アルバイト,パート・アルバイト,1,通常
R00238,10238,高橋 健,6001,user00238@example.com,2019,男性,2001-02-20,20代,パート・アルバイト,パート・アルバイト,1,通常
